Name,Position,Department,Salary,Address,Email
Gusty,Payroll Team,Employee Team,753,Odessa,testmail@testmail.com
Tracey,Employee,Payroll Team,247,Lisbon,testmail@testmail.com
Peri,Employee,Human Resources,987,Road Town,testmail@testmail.com
Kimmy,Employee,Human Resources,723,City of Halifax,testmail@testmail.com
Patricia,Payroll Team,Human Resources,740,Hanoi,testmail@testmail.com
Mignon,Employee,Management Team,243,Nakhon Ratchasima,testmail@testmail.com
Kamilah,Payroll Team,Payroll Team,62,Christchurch,testmail@testmail.com
Glenda,Payroll Team,Management Team,87,Madrid,testmail@testmail.com
Kimmy,Employee,Payroll Team,781,Dresden,testmail@testmail.com
Shaylyn,Employee,Human Resources,413,Honiara,testmail@testmail.com
Rozele,HR Team,Management Team,651,Abu Dhabi,testmail@testmail.com
Susette,Payroll Team,Employee Team,548,Fort-de-France,testmail@testmail.com
Norine,Employee,Employee Team,537,Ouagadougou,testmail@testmail.com
Flo,Employee,Payroll Team,301,Cockburn Town,testmail@testmail.com
Kimmy,HR Team,Payroll Team,565,Palikir,testmail@testmail.com
Averyl,Payroll Team,Management Team,65,Forked River,testmail@testmail.com
Lily,Employee,Management Team,697,Leeds,testmail@testmail.com
Hayley,Employee,Management Team,906,Baku,testmail@testmail.com
Anica,Payroll Team,Payroll Team,634,Iloilo City,testmail@testmail.com
Lizzie,Payroll Team,Employee Team,748,Boston,testmail@testmail.com
Agnese,Employee,Management Team,770,Graz,testmail@testmail.com
Joelly,Employee,Employee Team,869,Kyoto,testmail@testmail.com
Robinia,Payroll Team,Management Team,58,Makati City,testmail@testmail.com
Camile,Team Leader,Management Team,783,Christchurch,testmail@testmail.com
Rayna,Employee,Human Resources,39,Kingstown,testmail@testmail.com
Sheree,Employee,Employee Team,508,Las Palmas de Gran Canaria,testmail@testmail.com
Kary,Payroll Team,Management Team,428,Francistown,testmail@testmail.com
Dennie,Team Leader,Payroll Team,892,Ulan Bator,testmail@testmail.com
Christal,Employee,Employee Team,355,London,testmail@testmail.com
Carmencita,Employee,Management Team,393,City of San Marino,testmail@testmail.com
Delilah,Employee,Management Team,209,Regina,testmail@testmail.com
Aimil,Team Leader,Payroll Team,95,Khartoum,testmail@testmail.com
Cindelyn,Employee,Management Team,738,Cotonou,testmail@testmail.com
Marline,Payroll Team,Management Team,436,Vatican City,testmail@testmail.com
Arlina,Payroll Team,Payroll Team,269,Taichung,testmail@testmail.com
Teriann,Employee,Human Resources,159,Belmopan,testmail@testmail.com
Sashenka,Employee,Employee Team,935,Srinagar,testmail@testmail.com
Beatriz,Payroll Team,Human Resources,357,Incheon,testmail@testmail.com
Wynne,Employee,Employee Team,811,Chennai,testmail@testmail.com
Dari,Payroll Team,Employee Team,541,Zagreb,testmail@testmail.com
Deirdre,HR Team,Payroll Team,543,Hamilton,testmail@testmail.com
Lulita,Employee,Employee Team,916,Glasgow,testmail@testmail.com
Chrystel,HR Team,Management Team,308,Port Elizabeth,testmail@testmail.com
Livvyy,Team Leader,Human Resources,314,Lobamba,testmail@testmail.com
Pamella,Payroll Team,Employee Team,782,Norilsk,testmail@testmail.com
Taffy,Employee,Management Team,825,Jamestown,testmail@testmail.com
Myrtice,Employee,Employee Team,318,Düsseldorf,testmail@testmail.com
Florie,Employee,Employee Team,100,Fredericton,testmail@testmail.com
Bernie,Employee,Management Team,131,Quetzaltenango,testmail@testmail.com
Wendi,Employee,Human Resources,799,İzmir,testmail@testmail.com